i,j,weight
1,117,20
3,15,20
3,20,40
3,55,20
3,74,20
3,77,40
3,89,20
3,97,100
3,117,60
3,120,20
3,122,40
3,147,100
3,156,100
3,158,40
3,159,480
3,162,80
3,164,40
3,178,60
3,200,20
3,210,80
3,215,40
3,220,140
3,242,20
3,253,820
3,259,180
3,290,20
3,333,220
3,372,40
3,378,20
3,401,20
3,425,20
3,426,80
3,428,120
3,429,60
3,432,20
3,440,40
3,441,120
3,447,1040
3,461,20
3,487,40
3,491,20
3,498,600
3,544,20
3,574,60
3,603,80
3,642,20
3,649,80
3,656,40
3,691,200
3,694,440
3,706,40
3,720,20
3,751,440
3,753,180
3,859,1180
3,882,20
3,884,20
3,908,440
3,977,20
3,985,60
3,1090,100
3,1204,80
3,1245,60
3,1260,60
3,1323,60
3,1362,20
3,1414,20
3,1485,60
3,1492,140
14,18,1260
14,27,200
14,34,240
14,77,20
14,99,360
14,118,20
14,147,40
14,160,180
14,173,20
14,245,20
14,259,280
14,272,20
14,275,20
14,295,240
14,429,20
14,432,80
14,441,500
14,460,40
14,465,40
14,468,40
14,486,40
14,488,20
14,489,20
14,520,400
14,527,60
14,544,960
14,580,20
14,626,20
14,628,60
14,653,380
14,656,20
14,753,120
14,778,80
14,880,120
14,882,40
14,909,60
14,970,20
14,998,1460
14,1260,20
14,1362,20
15,20,40
15,34,20
15,54,40
15,74,20
15,77,20
15,79,20
15,99,120
15,106,20
15,117,20
15,120,320
15,131,40
15,141,140
15,158,20
15,160,340
15,162,580
15,164,20
15,178,4500
15,181,40
15,193,80
15,197,20
15,220,20
15,242,40
15,250,160
15,259,620
15,261,1060
15,295,860
15,343,20
15,353,460
15,372,680
15,378,140
15,425,60
15,429,40
15,460,200
15,464,360
15,491,480
15,498,440
15,502,120
15,531,160
15,677,40
15,694,40
15,751,60
15,778,40
15,859,20
15,884,80
15,886,20
15,909,640
15,1090,760
15,1209,20
15,1362,20
18,39,360
18,71,260
18,99,400
18,120,40
18,141,20
18,147,140
18,159,20
18,183,60
18,210,60
18,232,140
18,272,40
18,343,80
18,346,20
18,366,20
18,378,20
18,429,360
18,432,20
18,440,60
18,441,40
18,465,100
18,486,20
18,488,480
18,520,40
18,527,380
18,531,60
18,621,480
18,649,80
18,650,13100
18,656,20
18,691,20
18,725,20
18,744,100
18,753,300
18,763,20
18,793,20
18,797,3000
18,836,20
18,845,840
18,882,20
18,889,20
18,894,20
18,959,20
18,998,60
18,1067,40
18,1260,20
18,1362,20
18,1414,120
20,55,260
20,72,140
20,74,280
20,77,220
20,97,180
20,106,60
20,117,60
20,118,20
20,122,280
20,147,40
20,158,20
20,160,220
20,164,20
20,181,40
20,215,280
20,220,780
20,242,40
20,250,420
20,269,20
20,295,220
20,378,180
20,387,40
20,401,20
20,426,200
20,429,80
20,432,40
20,435,160
20,440,100
20,441,40
20,491,40
20,504,960
20,527,1120
20,634,220
20,642,80
20,649,40
20,650,20
20,653,20
20,656,1040
20,720,80
20,741,660
20,753,40
20,884,20
20,886,1660
20,977,40
20,985,400
20,1090,20
20,1204,40
20,1209,5240
20,1245,120
20,1260,40
20,1323,160
20,1342,20
20,1362,40
20,1392,20
20,1414,60
20,1492,140
27,34,160
27,62,20
27,77,20
27,99,660
27,147,20
27,160,500
27,165,100
27,245,80
27,259,480
27,295,620
27,346,420
27,387,60
27,401,40
27,435,20
27,447,20
27,487,20
27,488,80
27,544,80
27,603,20
27,628,240
27,653,160
27,725,80
27,763,40
27,779,20
27,880,40
27,954,20
27,1392,780
34,54,20
34,79,20
34,99,80
34,156,600
34,158,20
34,160,280
34,165,60
34,173,20
34,183,40
34,193,60
34,205,20
34,245,20
34,250,1800
34,259,540
34,261,140
34,295,140
34,372,60
34,460,20
34,464,80
34,478,20
34,489,320
34,527,100
34,544,20
34,574,20
34,615,1700
34,628,60
34,642,20
34,653,80
34,677,80
34,694,800
34,763,60
34,880,80
34,884,2300
34,909,100
34,959,1520
34,970,40
38,39,200
38,99,20
38,219,1380
38,242,60
38,272,20
38,435,4740
38,468,160
38,477,120
38,603,20
38,634,20
38,884,40
38,921,20
38,939,100
39,43,20
39,59,100
39,71,1420
39,72,300
39,80,40
39,99,300
39,118,460
39,147,200
39,156,20
39,215,40
39,219,6460
39,246,100
39,267,40
39,285,260
39,339,3980
39,407,18920
39,420,100
39,428,40
39,429,120
39,465,100
39,466,120
39,468,4260
39,520,20
39,525,80
39,527,40
39,531,120
39,649,20
39,674,20
39,702,20
39,706,60
39,753,180
39,784,60
39,790,20
39,809,20
39,866,20
39,871,6120
39,882,20
39,884,20
39,889,140
39,894,60
39,923,20
39,939,1020
39,954,280
39,959,180
43,63,60
43,198,20
43,211,20
43,257,60
43,267,20
43,285,1000
43,339,460
43,343,40
43,445,20
43,461,20
43,468,40
43,488,20
43,525,60
43,544,20
43,574,20
43,626,60
43,706,40
43,753,220
43,809,320
43,866,1880
43,939,120
43,985,760
43,1485,20
47,63,20
47,118,600
47,119,80
47,198,100
47,210,20
47,213,20
47,253,40
47,267,80
47,343,100
47,366,6940
47,460,20
47,478,220
47,520,20
47,525,40
47,674,60
47,691,1900
47,694,240
47,778,20
47,836,20
47,882,20
47,921,20
47,1067,120
47,1485,20
54,71,20
54,74,700
54,79,200
54,97,40
54,99,20
54,117,40
54,131,60
54,134,1240
54,141,60
54,156,160
54,158,2800
54,159,20
54,183,100
54,205,20
54,220,40
54,232,60
54,236,1380
54,259,100
54,261,20
54,272,60
54,333,20
54,366,20
54,435,40
54,447,220
54,453,40
54,527,60
54,674,20
54,706,20
54,763,40
54,845,60
54,874,120
54,884,80
54,886,80
54,959,20
54,1090,80
54,1164,180
55,74,40
55,77,40
55,110,2260
55,117,20
55,119,20
55,122,40
55,164,480
55,184,20
55,197,20
55,215,20
55,219,80
55,220,20
55,401,240
55,429,60
55,432,80
55,434,40
55,440,40
55,441,60
55,447,800
55,461,20
55,477,20
55,544,260
55,577,20
55,603,80
55,628,20
55,634,360
55,649,20
55,741,20
55,778,40
55,882,40
55,884,20
55,970,20
55,977,20
55,985,4920
55,1209,60
55,1245,4340
55,1260,60
55,1323,20
55,1485,20
59,72,160
59,80,40
59,120,20
59,122,120
59,198,20
59,211,140
59,246,260
59,248,40
59,252,20
59,257,40
59,267,20
59,285,740
59,366,80
59,387,40
59,407,80
59,466,140
59,468,160
59,498,20
59,525,120
59,527,20
59,533,100
59,691,40
59,706,40
59,753,100
59,790,940
59,793,1340
59,866,1220
59,882,20
59,889,1220
59,894,120
59,923,20
59,939,180
59,998,80
59,1067,20
59,1362,20
63,119,20
63,122,9540
63,172,20
63,184,20
63,198,40
63,246,60
63,257,460
63,267,40
63,270,40
63,285,3660
63,366,40
63,445,20
63,478,20
63,510,20
63,525,100
63,650,80
63,660,20
63,706,20
63,753,80
63,836,60
63,866,600
63,894,20
63,923,80
71,74,20
71,77,180
71,89,20
71,99,60
71,118,20
71,119,20
71,147,4740
71,181,40
71,184,20
71,215,3920
71,220,20
71,242,20
71,290,20
71,346,80
71,378,20
71,387,3580
71,401,220
71,426,1340
71,429,680
71,465,20
71,488,40
71,491,20
71,544,40
71,574,20
71,580,420
71,603,520
71,649,960
71,650,80
71,706,20
71,725,120
71,753,120
71,779,60
71,784,1260
71,859,40
71,884,20
71,889,220
71,954,840
71,1090,20
71,1204,40
71,1245,1340
71,1323,620
71,1392,440
71,1414,20
72,79,220
72,119,20
72,120,100
72,162,620
72,210,100
72,211,60
72,219,740
72,236,160
72,250,220
72,257,80
72,261,340
72,267,40
72,272,20
72,285,40
72,322,20
72,339,40
72,374,40
72,401,420
72,407,60
72,445,20
72,525,40
72,656,120
72,691,40
72,706,440
72,741,20
72,753,340
72,836,80
72,866,520
72,871,20
72,882,20
72,894,80
72,921,20
72,923,740
72,1209,120
72,1323,400
72,1362,20
72,1392,20
72,1485,40
74,77,360
74,79,300
74,97,140
74,122,580
74,134,60
74,141,440
74,147,40
74,156,140
74,158,580
74,159,5600
74,162,20
74,164,60
74,178,60
74,193,460
74,215,780
74,242,60
74,250,540
74,259,60
74,290,20
74,295,80
74,333,4480
74,366,20
74,372,320
74,378,120
74,426,240
74,428,20
74,429,20
74,434,40
74,440,240
74,441,40
74,447,40
74,453,320
74,487,20
74,489,740
74,491,40
74,498,1260
74,574,40
74,642,40
74,677,100
74,691,40
74,763,560
74,882,20
74,884,740
74,959,20
74,977,20
74,985,600
74,1090,60
74,1164,40
74,1209,240
74,1245,40
74,1260,40
74,1323,120
74,1342,20
74,1362,80
74,1414,20
74,1492,100
77,89,20
77,97,700
77,99,20
77,117,20
77,120,20
77,122,400
77,131,40
77,147,40
77,158,20
77,159,3280
77,160,60
77,162,1680
77,173,60
77,181,20
77,183,160
77,210,40
77,215,700
77,220,980
77,242,40
77,259,540
77,285,20
77,290,40
77,346,820
77,378,120
77,387,40
77,426,260
77,428,200
77,429,500
77,440,160
77,441,80
77,445,20
77,461,40
77,464,280
77,488,20
77,491,40
77,498,20
77,525,20
77,574,20
77,580,40
77,582,20
77,603,300
77,642,40
77,649,380
77,720,100
77,741,20
77,779,220
77,790,40
77,809,20
77,845,20
77,889,100
77,908,180
77,954,180
77,977,80
77,985,120
77,1090,20
77,1164,60
77,1204,460
77,1209,100
77,1238,20
77,1260,60
77,1323,120
77,1342,420
77,1362,180
77,1392,20
77,1492,100
79,134,680
79,141,240
79,156,980
79,158,80
79,162,2280
79,173,20
79,178,20
79,205,20
79,236,20
79,253,20
79,259,40
79,261,20
79,295,840
79,333,120
79,372,160
79,407,20
79,447,1500
79,489,40
79,491,180
79,498,80
79,527,20
79,615,100
79,628,200
79,884,40
79,909,60
79,998,40
80,120,20
80,122,260
80,211,680
80,246,220
80,267,40
80,285,20
80,339,940
80,407,80
80,466,520
80,488,20
80,525,240
80,533,20
80,582,3040
80,649,160
80,706,20
80,753,20
80,790,20
80,866,20
80,889,13300
80,893,40
80,894,1240
80,923,340
80,939,100
80,954,480
89,97,2800
89,117,20
89,118,80
89,122,20
89,147,20
89,158,20
89,160,60
89,164,20
89,200,20
89,220,1040
89,242,40
89,275,40
89,343,320
89,353,240
89,378,220
89,387,20
89,401,60
89,426,160
89,428,20
89,429,60
89,432,200
89,435,60
89,440,20
89,461,80
89,487,40
89,491,20
89,582,20
89,603,40
89,649,40
89,720,2960
89,741,60
89,859,20
89,884,140
89,893,40
89,977,60
89,985,20
89,1090,20
89,1204,260
89,1245,40
89,1260,40
89,1362,20
89,1414,20
89,1492,20
97,117,60
97,118,620
97,120,480
97,122,120
97,131,100
97,147,180
97,158,20
97,160,100
97,193,120
97,198,20
97,205,120
97,215,60
97,220,6120
97,242,40
97,261,40
97,333,160
97,353,340
97,372,160
97,378,300
97,387,20
97,401,40
97,426,100
97,429,180
97,435,180
97,440,100
97,441,40
97,447,40
97,461,20
97,491,20
97,520,20
97,577,20
97,580,60
97,642,20
97,656,260
97,720,4000
97,741,380
97,751,20
97,884,60
97,886,1480
97,985,40
97,1090,120
97,1204,1800
97,1245,20
97,1260,60
97,1323,140
97,1362,20
97,1414,60
97,1492,60
99,118,40
99,120,1260
99,122,600
99,141,800
99,147,380
99,160,740
99,162,40
99,178,20
99,183,3080
99,215,20
99,220,20
99,236,40
99,245,140
99,250,220
99,259,1240
99,272,40
99,275,580
99,295,360
99,333,520
99,378,20
99,413,1080
99,429,40
99,435,20
99,441,20
99,447,20
99,464,20
99,488,20
99,489,20
99,491,60
99,520,160
99,527,100
99,582,3120
99,603,540
99,628,220
99,649,380
99,653,60
99,720,20
99,741,20
99,753,40
99,845,20
99,880,200
99,884,20
99,909,100
99,959,80
99,970,20
99,1067,1860
99,1090,40
99,1164,14180
106,119,20
106,245,320
106,250,40
106,378,40
106,435,1120
106,440,360
106,649,20
106,656,20
106,694,40
106,720,80
106,882,40
106,884,40
106,954,20
106,1245,20
106,1392,20
110,131,20
110,164,1140
110,173,600
110,184,220
110,272,20
110,333,20
110,378,20
110,426,60
110,628,120
110,634,40
110,691,20
110,779,20
110,867,20
110,970,3220
110,985,140
117,122,20
117,147,160
117,164,20
117,200,120
117,210,80
117,242,60
117,270,20
117,272,20
117,290,40
117,295,40
117,343,20
117,378,60
117,413,140
117,420,20
117,428,100
117,429,100
117,432,220
117,434,20
117,440,40
117,441,160
117,447,20
117,461,160
117,475,1800
117,488,20
117,491,20
117,496,20
117,520,560
117,603,380
117,626,80
117,649,20
117,653,520
117,694,520
117,706,3000
117,720,40
117,741,80
117,845,20
117,854,20
117,859,40
117,874,360
117,908,20
117,923,80
117,977,60
117,998,20
117,1090,80
117,1204,20
117,1245,40
117,1260,140
117,1323,60
117,1414,1200
118,147,20
118,215,20
118,220,240
118,290,60
118,333,140
118,339,300
118,378,180
118,407,40
118,428,60
118,447,300
118,465,20
118,468,460
118,478,40
118,488,20
118,502,20
118,527,80
118,531,200
118,544,20
118,615,20
118,656,60
118,720,200
118,741,200
118,778,20
118,836,20
118,874,40
118,954,820
118,959,100
118,998,20
118,1204,160
118,1209,40
118,1392,20
118,1485,420
119,122,20
119,159,20
119,173,20
119,193,20
119,197,40
119,198,2080
119,219,40
119,246,20
119,248,40
119,250,120
119,253,20
119,257,20
119,267,1980
119,270,3640
119,285,120
119,290,60
119,343,160
119,366,26040
119,372,160
119,420,2240
119,428,140
119,435,20
119,445,100
119,466,60
119,478,600
119,488,20
119,491,580
119,520,320
119,525,780
119,531,20
119,626,20
119,660,160
119,691,120
119,694,40
119,706,20
119,793,40
119,836,620
119,866,160
119,954,20
119,1067,100
119,1204,20
119,1362,20
120,141,20
120,156,20
120,159,20
120,160,20
120,162,60
120,178,480
120,193,20
120,198,20
120,211,1100
120,220,20
120,232,20
120,236,820
120,246,40
120,259,60
120,261,20
120,267,80
120,333,1220
120,346,20
120,353,20
120,366,40
120,372,180
120,401,80
120,445,40
120,464,320
120,477,100
120,491,20
120,498,40
120,520,40
120,525,20
120,531,20
120,580,60
120,642,20
120,691,20
120,706,20
120,720,340
120,751,120
120,763,800
120,790,60
120,836,80
120,1090,500
120,1204,20
122,141,2920
122,147,80
122,164,80
122,215,400
122,219,60
122,246,160
122,250,200
122,267,20
122,270,40
122,285,140
122,339,20
122,343,20
122,366,20
122,378,120
122,407,820
122,420,20
122,426,480
122,429,60
122,432,40
122,440,640
122,461,20
122,466,40
122,468,200
122,487,20
122,525,20
122,533,40
122,574,20
122,649,60
122,706,160
122,753,160
122,779,60
122,784,20
122,790,200
122,793,20
122,866,60
122,871,20
122,894,120
122,939,320
122,985,180
122,1090,180
122,1209,40
122,1245,260
122,1260,120
122,1323,120
122,1362,100
122,1492,140
131,134,380
131,156,300
131,160,700
131,183,360
131,215,20
131,219,20
131,236,180
131,261,100
131,322,60
131,353,40
131,378,20
131,435,200
131,440,20
131,447,100
131,453,20
131,466,20
131,513,20
131,574,60
131,642,1900
131,751,40
131,880,440
131,884,320
131,1090,40
131,1164,100
131,1342,20
134,141,20
134,156,800
134,162,20
134,178,20
134,183,60
134,193,1540
134,197,40
134,236,60
134,372,580
134,435,20
134,447,200
134,453,60
134,498,100
134,634,80
134,751,20
134,763,20
134,884,120
134,886,80
134,909,20
134,1090,20
141,156,40
141,159,760
141,193,20
141,197,120
141,200,1320
141,232,20
141,250,60
141,259,20
141,261,60
141,295,1380
141,333,1460
141,346,100
141,353,20
141,378,60
141,407,80
141,445,20
141,447,60
141,460,800
141,461,120
141,489,380
141,498,60
141,544,20
141,642,40
141,677,20
141,694,40
141,741,60
141,763,100
141,778,20
141,859,40
141,874,60
141,884,800
141,909,1680
141,1260,120
141,1362,80
147,158,20
147,164,60
147,183,20
147,184,20
147,197,20
147,200,40
147,215,1640
147,220,20
147,246,100
147,250,20
147,333,320
147,346,580
147,378,40
147,387,1160
147,401,2820
147,426,1860
147,429,4160
147,434,20
147,435,20
147,440,60
147,441,80
147,453,20
147,461,40
147,468,80
147,487,60
147,488,20
147,525,360
147,574,40
147,580,400
147,603,420
147,642,20
147,649,1260
147,660,20
147,691,20
147,706,20
147,725,420
147,741,20
147,753,840
147,779,100
147,809,20
147,882,20
147,884,20
147,954,380
147,985,60
147,1204,60
147,1245,4400
147,1260,40
147,1323,60
147,1342,40
147,1362,160
147,1392,5220
147,1492,100
156,158,660
156,159,540
156,160,20
156,162,120
156,178,20
156,183,1240
156,193,1060
156,205,1340
156,220,80
156,236,80
156,250,460
156,259,80
156,261,1180
156,290,120
156,295,240
156,333,560
156,353,380
156,372,260
156,425,20
156,428,40
156,432,20
156,447,1360
156,491,180
156,498,20
156,544,260
156,574,160
156,615,60
156,642,960
156,649,20
156,694,680
156,720,20
156,751,440
156,763,220
156,836,80
156,859,1820
156,884,40
156,909,240
156,1067,60
156,1204,440
156,1209,40
156,1238,40
156,1342,1140
158,162,40
158,205,20
158,215,20
158,236,740
158,242,20
158,250,20
158,261,20
158,295,120
158,322,700
158,333,120
158,378,40
158,440,40
158,441,20
158,447,660
158,489,20
158,491,20
158,574,20
158,642,20
158,656,440
158,694,20
158,744,20
158,751,20
158,763,180
158,882,20
158,959,100
158,977,20
158,1090,60
158,1245,20
158,1260,40
158,1342,20
158,1492,20
159,162,1580
159,181,20
159,210,420
159,259,660
159,261,20
159,275,20
159,290,40
159,295,20
159,333,1020
159,428,880
159,440,20
159,464,140
159,489,1000
159,653,20
159,694,240
159,763,1340
159,859,80
159,884,1020
159,970,20
159,1342,1500
160,165,60
160,178,640
160,183,200
160,193,1140
160,215,20
160,245,40
160,250,20
160,259,1240
160,261,20
160,295,340
160,343,40
160,353,240
160,425,60
160,453,60
160,460,80
160,478,60
160,496,40
160,498,20
160,544,20
160,574,60
160,615,120
160,621,40
160,626,20
160,628,240
160,634,220
160,642,720
160,653,40
160,656,20
160,677,20
160,720,80
160,725,20
160,751,40
160,753,20
160,779,20
160,859,20
160,880,1520
160,884,4040
160,909,40
160,959,1540
160,970,20
160,1067,60
160,1164,100
160,1204,20
160,1209,540
160,1342,140
160,1362,20
160,1392,460
162,165,80
162,173,20
162,178,80
162,210,1580
162,242,40
162,245,20
162,250,40
162,259,1460
162,261,460
162,290,80
162,295,280
162,333,40
162,372,5960
162,378,60
162,428,280
162,434,20
162,435,20
162,445,20
162,447,100
162,460,20
162,464,540
162,491,1020
162,498,180
162,642,40
162,694,120
162,706,20
162,751,480
162,859,180
162,909,20
162,923,40
162,959,20
162,1090,100
162,1342,340
164,173,140
164,197,20
164,215,40
164,242,40
164,250,20
164,378,40
164,401,20
164,429,20
164,432,60
164,440,40
164,461,20
164,487,40
164,574,20
164,603,20
164,615,40
164,628,500
164,720,20
164,741,20
164,779,60
164,970,840
164,985,1440
164,1090,40
164,1204,40
164,1245,20
164,1260,60
164,1323,80
164,1342,20
164,1414,20
164,1492,20
165,259,20
165,295,40
165,372,40
165,425,120
165,447,200
165,498,2560
165,751,440
165,884,60
165,1090,40
172,184,2000
172,210,140
172,248,440
172,267,20
172,270,20
172,322,540
172,366,4180
172,424,180
172,426,40
172,445,20
172,465,20
172,477,480
172,486,760
172,504,140
172,510,1920
172,513,2980
172,520,20
172,525,20
172,527,120
172,577,1140
172,603,20
172,626,40
172,628,20
172,634,80
172,638,120
172,674,20
172,706,20
172,743,4040
172,771,20
172,854,20
172,867,5620
172,874,20
172,882,60
172,886,40
172,893,420
172,921,160
172,998,40
172,1362,20
172,1485,440
173,210,20
173,366,20
173,425,20
173,428,40
173,445,360
173,460,20
173,464,20
173,489,20
173,544,20
173,615,20
173,628,140
173,653,20
173,691,20
173,741,1320
173,836,500
173,884,40
173,970,400
178,183,40
178,197,100
178,242,340
178,250,20
178,259,240
178,261,520
178,295,180
178,353,100
178,372,100
178,447,20
178,464,80
178,465,20
178,486,20
178,491,120
178,498,40
178,603,20
178,642,1600
178,649,20
178,720,20
178,751,360
178,779,40
178,836,20
178,884,480
178,1067,20
178,1090,40
178,1342,40
181,215,40
181,246,40
181,290,20
181,346,20
181,387,20
181,428,1080
181,447,20
181,475,80
181,478,140
181,502,120
181,544,60
181,577,40
181,694,80
181,706,160
181,720,200
181,725,20
181,778,860
181,859,20
181,882,20
181,886,40
181,923,60
181,998,1100
181,1260,5600
181,1362,20
183,193,220
183,205,60
183,215,20
183,220,820
183,250,300
183,259,80
183,295,20
183,322,20
183,413,1520
183,447,60
183,453,80
183,460,60
183,520,80
183,574,140
183,582,3840
183,615,460
183,634,20
183,642,2980
183,649,160
183,691,80
183,694,20
183,725,20
183,751,40
183,880,60
183,1067,3960
183,1164,2780
183,1238,1340
183,1485,40
184,210,40
184,222,20
184,246,120
184,248,60
184,253,20
184,275,60
184,285,20
184,322,480
184,343,20
184,366,20
184,374,20
184,420,40
184,424,360
184,426,80
184,428,60
184,429,20
184,445,20
184,477,200
184,486,380
184,488,240
184,504,120
184,510,1980
184,513,300
184,527,40
184,531,20
184,544,20
184,577,200
184,634,300
184,638,100
184,660,40
184,674,20
184,743,560
184,836,40
184,854,20
184,867,20
184,874,20
184,882,100
184,893,2900
184,921,300
184,970,80
184,998,40
184,1260,300
184,1485,200
193,211,20
193,250,2200
193,259,160
193,261,120
193,372,360
193,447,100
193,453,40
193,491,40
193,498,40
193,520,40
193,574,60
193,580,20
193,615,1500
193,694,240
193,763,20
193,836,20
193,859,100
193,884,1060
193,908,20
193,959,1780
193,1067,300
193,1164,20
193,1204,20
193,1238,20
193,1342,120
197,200,20
197,210,40
197,252,20
197,267,40
197,270,100
197,275,20
197,295,40
197,333,20
197,343,20
197,353,5120
197,378,60
197,387,40
197,407,20
197,413,40
197,420,20
197,424,40
197,425,60
197,428,20
197,445,40
197,461,60
197,478,20
197,488,60
197,498,20
197,502,480
197,525,20
197,531,40
197,626,140
197,634,40
197,649,20
197,650,140
197,691,20
197,741,600
197,743,20
197,751,20
197,859,20
197,866,40
197,874,140
197,886,20
197,909,40
197,959,40
197,970,40
197,998,340
197,1164,20
197,1342,40
197,1492,20
198,210,80
198,211,20
198,213,160
198,219,20
198,246,40
198,252,20
198,253,2400
198,257,40
198,267,13620
198,270,620
198,275,20
198,285,100
198,343,920
198,366,8320
198,372,80
198,374,20
198,387,100
198,420,1200
198,428,160
198,445,1180
198,475,20
198,477,20
198,478,3220
198,491,300
198,502,20
198,520,40
198,525,4340
198,577,60
198,580,20
198,603,20
198,626,60
198,660,780
198,674,20
198,691,1140
198,694,20
198,706,360
198,741,20
198,778,60
198,836,1620
198,866,60
198,871,40
198,889,540
198,894,20
198,923,60
198,998,40
198,1067,40
198,1362,20
200,215,20
200,236,360
200,242,20
200,290,40
200,343,40
200,346,100
200,378,1120
200,401,700
200,407,20
200,424,680
200,426,260
200,429,140
200,435,40
200,440,20
200,461,560
200,475,120
200,477,40
200,488,2640
200,496,40
200,502,60
200,510,140
200,574,40
200,577,100
200,603,40
200,621,20
200,634,1900
200,650,60
200,653,20
200,720,20
200,741,80
200,779,560
200,874,500
200,882,260
200,894,20
200,921,1800
200,954,20
200,977,60
200,1090,720
200,1245,40
200,1260,20
200,1323,60
200,1414,940
205,250,280
205,259,80
205,261,40
205,295,20
205,322,60
205,333,180
205,372,1680
205,428,40
205,460,140
205,574,20
205,615,5060
205,642,60
205,656,20
205,694,20
205,751,40
205,880,80
205,884,220
205,1067,300
205,1204,60
205,1342,240
210,215,20
210,219,20
210,246,40
210,248,60
210,253,120
210,259,60
210,270,20
210,275,680
210,290,40
210,343,40
210,374,40
210,424,460
210,428,1680
210,464,120
210,465,40
210,477,20
210,486,20
210,487,400
210,531,20
210,577,20
210,603,1740
210,638,20
210,649,20
210,691,120
210,694,640
210,706,80
210,753,20
210,778,20
210,836,20
210,859,660
210,874,20
210,893,140
210,908,120
210,921,80
210,923,40
210,954,20
210,998,220
210,1260,120
210,1342,60
210,1485,120
211,219,20
211,246,340
211,267,140
211,275,40
211,322,20
211,339,20
211,407,60
211,525,120
211,527,100
211,531,40
211,706,80
211,753,20
211,793,720
211,836,40
211,845,20
211,866,120
211,867,20
211,871,20
211,882,40
211,889,480
211,894,1520
211,939,60
213,253,2520
213,267,140
213,270,1920
213,420,20
213,428,360
213,478,200
213,520,600
213,836,400
215,220,40
215,242,40
215,290,20
215,295,500
215,333,20
215,346,620
215,378,120
215,387,2180
215,401,1860
215,426,1480
215,429,120
215,432,20
215,435,20
215,440,200
215,441,100
215,461,40
215,486,20
215,487,20
215,488,20
215,491,20
215,520,20
215,527,20
215,544,20
215,574,40
215,577,20
215,580,1800
215,603,840
215,649,260
215,650,20
215,653,40
215,656,60
215,691,20
215,706,20
215,720,40
215,725,1880
215,741,940
215,751,40
215,763,40
215,778,40
215,954,840
215,977,60
215,985,260
215,998,40
215,1090,120
215,1204,60
215,1209,220
215,1245,760
215,1323,2960
215,1342,20
215,1362,160
215,1392,80
215,1414,80
215,1492,100
219,232,20
219,246,180
219,339,60
219,343,20
219,435,60
219,445,20
219,466,60
219,468,120
219,488,20
219,520,20
219,603,20
219,634,20
219,649,60
219,702,320
219,706,40
219,753,620
219,784,20
219,809,200
219,871,20
219,884,20
219,894,20
219,908,20
219,939,20
219,1204,20
220,242,20
220,270,80
220,275,20
220,346,40
220,378,280
220,387,20
220,429,20
220,432,40
220,434,20
220,435,40
220,447,120
220,461,20
220,487,40
220,491,20
220,520,20
220,531,40
220,574,420
220,615,20
220,649,380
220,656,440
220,691,540
220,720,3720
220,741,140
220,751,20
220,779,20
220,790,20
220,859,20
220,884,40
220,886,200
220,977,20
220,1067,40
220,1204,120
220,1238,1160
220,1414,20
220,1492,80
222,252,620
222,275,1040
222,424,20
222,428,40
222,790,20
222,793,20
222,882,980
222,908,40
222,1485,440
232,250,100
232,252,280
232,272,5240
232,322,60
232,346,20
232,374,620
232,424,2600
232,440,20
232,461,40
232,465,20
232,477,20
232,488,140
232,489,40
232,531,580
232,603,20
232,621,160
232,626,40
232,649,40
232,650,460
232,706,20
232,725,20
232,741,220
232,744,1240
232,778,20
232,797,1020
232,845,5240
232,884,80
232,908,240
232,921,120
232,998,40
236,270,20
236,322,20
236,333,20
236,372,80
236,401,760
236,447,80
236,577,20
236,634,40
236,706,40
236,751,60
236,763,1140
236,790,240
236,886,100
236,959,20
236,1090,320
236,1209,20
236,1245,20
242,259,240
242,372,100
242,378,40
242,432,100
242,434,20
242,435,20
242,440,20
242,441,40
242,460,20
242,461,20
242,487,40
242,489,1320
242,491,20
242,574,20
242,649,40
242,720,20
242,751,240
242,884,4720
242,954,20
242,977,20
242,985,20
242,1090,40
242,1204,40
242,1209,20
242,1245,40
242,1260,40
242,1362,100
242,1414,20
242,1485,20
242,1492,60
245,259,140
245,295,120
245,407,100
245,435,500
245,440,1240
245,447,20
245,531,20
245,544,20
245,628,60
245,653,60
245,720,20
245,751,20
245,836,20
245,859,20
245,880,140
245,909,120
245,970,40
245,1362,60
246,248,440
246,267,220
246,275,80
246,285,100
246,295,40
246,339,20
246,343,40
246,346,20
246,366,80
246,372,20
246,374,920
246,401,20
246,407,440
246,435,40
246,460,20
246,466,560
246,468,380
246,477,1660
246,478,200
246,488,80
246,533,40
246,580,200
246,634,240
246,642,140
246,691,20
246,694,40
246,702,300
246,706,20
246,753,1060
246,771,40
246,790,120
246,793,2220
246,836,400
246,859,20
246,866,300
246,871,960
246,882,120
246,889,80
246,894,120
246,939,160
246,954,20
246,998,20
246,1245,20
246,1323,20
246,1362,500
246,1485,440
248,252,100
248,267,180
248,269,20
248,275,60
248,285,1360
248,322,5180
248,424,20
248,435,40
248,465,280
248,466,840
248,478,20
248,486,120
248,487,80
248,502,20
248,504,1400
248,510,180
248,513,20
248,527,3480
248,577,180
248,603,140
248,634,180
248,638,340
248,706,20
248,743,2540
248,793,60
248,836,20
248,859,20
248,867,200
248,871,20
248,882,80
248,889,20
248,893,1080
248,921,20
248,954,180
248,1362,20
248,1485,3820
250,257,20
250,259,120
250,261,80
250,272,20
250,290,60
250,295,180
250,333,20
250,372,80
250,413,80
250,428,20
250,464,80
250,465,80
250,491,20
250,525,20
250,574,20
250,582,60
250,615,500
250,642,20
250,656,60
250,660,940
250,694,120
250,741,200
250,751,20
250,778,100
250,809,20
250,845,40
250,859,20
250,882,20
250,884,960
250,886,20
250,954,60
250,959,1000
250,998,20
250,1067,100
250,1090,20
250,1164,140
250,1209,240
250,1238,240
250,1485,20
250,1492,20
252,267,1000
252,270,20
252,275,4460
252,322,1920
252,343,20
252,366,80
252,378,20
252,420,40
252,424,460
252,428,40
252,468,20
252,477,20
252,486,20
252,487,40
252,504,60
252,520,20
252,525,20
252,650,20
252,674,140
252,743,100
252,836,20
252,882,2920
252,889,40
252,908,460
252,1485,220
253,267,3120
253,270,920
253,343,180
253,366,60
253,420,80
253,428,960
253,440,20
253,445,80
253,478,1220
253,487,80
253,520,600
253,525,20
253,603,160
253,626,20
253,634,20
253,660,220
253,691,800
253,706,180
253,753,60
253,836,240
253,859,820
253,884,40
253,923,40
253,985,20
253,1392,40
253,1485,40
257,285,900
257,322,20
257,339,640
257,387,80
257,407,60
257,420,60
257,460,40
257,525,20
257,580,20
257,706,500
257,809,20
257,836,20
257,866,560
257,908,20
257,923,60
257,998,20
259,261,1580
259,295,280
259,322,60
259,372,1220
259,425,20
259,428,20
259,445,60
259,447,80
259,453,20
259,460,40
259,464,400
259,488,40
259,491,500
259,498,60
259,615,3080
259,628,180
259,642,280
259,653,400
259,660,180
259,751,220
259,763,20
259,880,140
259,909,80
259,959,3580
259,970,20
259,1067,340
259,1090,180
259,1164,200
259,1342,140
261,295,320
261,353,1360
261,372,480
261,425,40
261,434,20
261,447,80
261,460,80
261,464,20
261,489,40
261,491,60
261,574,120
261,615,160
261,628,40
261,642,500
261,694,300
261,706,80
261,751,160
261,859,260
261,880,100
261,884,660
261,909,20
261,923,80
261,959,80
261,1067,920
261,1164,20
261,1342,140
267,270,260
267,275,40
267,285,20
267,322,120
267,343,300
267,366,5000
267,372,20
267,387,40
267,401,60
267,407,40
267,420,1280
267,428,260
267,445,1360
267,466,40
267,468,40
267,477,40
267,478,2580
267,487,740
267,491,20
267,502,40
267,504,20
267,520,220
267,525,4920
267,577,80
267,580,60
267,603,1780
267,626,60
267,660,1780
267,691,2400
267,702,20
267,706,240
267,741,20
267,743,180
267,753,60
267,771,20
267,790,20
267,793,160
267,809,20
267,836,2260
267,866,140
267,867,20
267,882,60
267,889,60
267,894,40
267,998,20
267,1067,20
267,1362,20
269,322,120
269,401,60
269,486,40
269,510,40
269,513,60
269,527,160
269,577,40
269,638,20
269,706,60
269,743,20
269,867,20
269,882,40
269,921,20
269,959,40
269,1485,820
270,275,460
270,285,60
270,290,900
270,343,2120
270,366,160
270,378,40
270,420,180
270,428,560
270,440,20
270,445,280
270,475,1080
270,486,20
270,488,20
270,502,20
270,504,20
270,520,3660
270,525,200
270,531,20
270,626,20
270,660,1480
270,691,420
270,706,20
270,720,120
270,793,20
270,836,820
270,866,20
270,886,720
272,275,160
272,346,20
272,366,20
272,401,60
272,424,40
272,465,20
272,466,20
272,486,60
272,504,20
272,525,60
272,527,160
272,531,1060
272,603,3280
272,650,340
272,677,80
272,691,20
272,743,460
272,744,780
272,779,40
272,797,880
272,845,7340
272,874,20
272,882,220
272,884,40
272,893,120
272,908,120
272,921,20
272,970,20
272,998,20
272,1245,3880
272,1323,40
272,1414,320
272,1485,360
275,290,20
275,322,1320
275,343,40
275,366,40
275,401,60
275,424,140
275,435,20
275,445,160
275,468,80
275,488,100
275,504,580
275,520,360
275,525,20
275,527,1300
275,531,20
275,603,260
275,615,20
275,650,20
275,674,260
275,691,20
275,694,20
275,706,80
275,720,120
275,753,120
275,771,20
275,790,20
275,797,20
275,836,360
275,845,1060
275,854,80
275,882,3180
275,889,20
275,908,2020
275,921,160
275,939,20
275,970,20
275,1260,20
275,1362,20
275,1485,1680
275,1492,20
285,339,280
285,343,40
285,366,40
285,372,80
285,407,200
285,428,20
285,435,160
285,445,40
285,461,20
285,468,1600
285,478,80
285,488,20
285,513,20
285,520,40
285,525,40
285,626,1920
285,642,340
285,649,20
285,660,200
285,691,40
285,706,100
285,753,40
285,790,1760
285,793,1280
285,836,140
285,866,9960
285,871,60
285,882,20
285,889,240
285,894,20
285,923,20
285,939,1080
285,954,20
285,985,20
290,333,60
290,378,140
290,420,20
290,428,1200
290,432,40
290,434,20
290,440,20
290,466,40
290,491,20
290,502,120
290,520,60
290,574,40
290,603,660
290,649,360
290,691,40
290,694,720
290,706,60
290,720,20
290,741,140
290,836,260
290,859,980
290,874,40
290,884,20
290,886,140
290,908,20
290,1204,40
290,1209,20
290,1260,120
290,1323,20
290,1492,80
295,333,240
295,343,20
295,372,80
295,425,40
295,428,20
295,447,380
295,460,240
295,461,240
295,464,60
295,489,80
295,498,20
295,544,100
295,615,20
295,626,120
295,628,240
295,642,60
295,653,20
295,691,100
295,694,380
295,763,40
295,779,40
295,859,340
295,880,20
295,882,20
295,884,80
295,909,3640
295,959,140
295,977,40
295,1067,20
295,1164,260
295,1245,20
295,1392,80
322,374,60
322,420,20
322,424,120
322,445,100
322,465,4620
322,468,3820
322,486,200
322,504,1500
322,510,480
322,513,1300
322,525,40
322,527,2960
322,577,40
322,603,60
322,634,6400
322,638,100
322,642,60
322,650,20
322,674,940
322,691,20
322,743,2080
322,751,40
322,771,20
322,779,40
322,790,40
322,845,320
322,854,20
322,867,2780
322,874,40
322,882,600
322,893,1780
322,894,20
322,908,1780
322,921,360
322,939,300
322,1164,320
322,1485,1620
333,366,40
333,401,20
333,428,60
333,447,760
333,488,40
333,489,340
333,491,80
333,520,20
333,580,20
333,626,20
333,656,980
333,694,20
333,725,20
333,763,2060
333,859,160
333,882,40
333,884,20
333,893,20
333,970,20
333,985,220
333,1067,240
333,1090,20
333,1245,680
333,1492,20
339,366,20
339,407,260
339,420,40
339,435,60
339,468,4120
339,525,60
339,527,40
339,531,540
339,790,20
339,793,80
339,809,200
339,866,560
339,894,40
339,923,100
339,939,440
339,954,480
339,959,60
339,1164,140
339,1323,80
343,353,580
343,366,640
343,401,20
343,420,380
343,428,480
343,440,20
343,445,380
343,453,20
343,460,20
343,461,20
343,468,20
343,478,120
343,486,780
343,502,80
343,520,120
343,525,240
343,531,20
343,626,60
343,650,20
343,660,1060
343,691,1080
343,720,80
343,741,100
343,743,20
343,793,20
343,809,20
343,836,80
343,871,20
343,884,40
343,894,20
343,909,60
343,939,20
346,353,20
346,387,200
346,401,480
346,407,100
346,426,40
346,429,100
346,440,1120
346,487,20
346,498,20
346,580,140
346,582,280
346,603,4460
346,628,300
346,642,20
346,649,1200
346,656,200
346,691,80
346,725,60
346,771,40
346,779,2900
346,845,20
346,874,40
346,909,20
346,954,400
346,1209,40
346,1245,240
346,1323,20
346,1362,3120
346,1392,380
353,372,160
353,425,400
353,460,560
353,464,40
353,615,20
353,626,20
353,628,20
353,642,140
353,720,60
353,809,20
353,884,600
353,959,20
353,1067,60
353,1164,20
366,374,20
366,378,20
366,407,80
366,420,2020
366,424,20
366,428,40
366,445,380
366,468,160
366,478,3340
366,491,20
366,510,20
366,520,80
366,525,5320
366,531,20
366,577,40
366,642,20
366,656,320
366,660,600
366,674,80
366,691,280
366,706,160
366,784,20
366,809,20
366,836,360
366,871,20
366,874,20
366,882,200
366,884,80
366,889,60
366,923,120
366,939,40
366,1067,40
366,1362,20
366,1485,40
372,420,20
372,425,40
372,432,20
372,447,260
372,461,40
372,464,180
372,491,6060
372,498,60
372,615,60
372,628,100
372,642,780
372,694,560
372,751,380
372,809,20
372,836,60
372,859,1720
372,884,20
372,959,60
372,977,60
372,1067,20
372,1090,120
372,1204,1060
372,1414,20
372,1492,20
374,477,120
374,478,20
374,486,40
374,504,20
374,510,60
374,527,1280
374,836,100
378,426,40
378,428,20
378,429,40
378,432,140
378,435,60
378,440,180
378,441,60
378,447,20
378,460,40
378,461,140
378,475,20
378,488,100
378,496,40
378,502,140
378,527,20
378,626,40
378,656,1600
378,674,20
378,720,240
378,741,4420
378,751,40
378,836,20
378,874,20
378,882,20
378,884,20
378,886,1120
378,909,80
378,977,20
378,1090,220
378,1164,40
378,1204,20
378,1209,100
378,1245,120
378,1260,180
378,1323,100
378,1362,20
378,1492,4400
387,401,360
387,426,15020
387,429,140
387,432,60
387,435,20
387,487,280
387,488,60
387,491,20
387,498,20
387,525,1660
387,544,20
387,580,1940
387,582,20
387,603,420
387,649,680
387,656,20
387,691,80
387,706,20
387,720,20
387,725,1000
387,741,140
387,779,280
387,793,140
387,836,20
387,859,20
387,866,60
387,886,60
387,889,40
387,954,20
387,977,80
387,1204,20
387,1209,20
387,1245,800
387,1323,480
387,1362,280
387,1392,14080
387,1414,20
401,424,380
401,426,340
401,429,480
401,432,20
401,440,20
401,441,20
401,445,20
401,468,20
401,487,40
401,510,140
401,577,40
401,580,1440
401,603,900
401,626,60
401,634,860
401,649,1120
401,720,20
401,725,100
401,753,20
401,779,2940
401,809,80
401,882,660
401,921,20
401,954,760
401,977,20
401,1090,140
401,1245,1620
401,1260,20
401,1362,100
401,1392,1140
401,1414,20
407,466,280
407,468,1680
407,533,20
407,706,1780
407,753,20
407,784,20
407,790,400
407,866,40
407,871,960
407,874,20
407,894,200
407,923,1820
407,939,1020
407,954,20
407,1260,40
407,1362,300
413,432,80
413,461,320
413,475,180
413,582,240
413,603,20
413,626,60
413,650,1660
413,653,60
413,743,140
413,874,200
413,977,40
413,1067,640
413,1164,140
420,428,80
420,445,40
420,478,420
420,487,60
420,489,40
420,491,20
420,502,100
420,510,20
420,520,40
420,525,1140
420,531,40
420,603,420
420,660,60
420,741,20
420,753,20
420,784,20
420,836,1060
420,882,20
420,884,20
420,889,20
420,939,40
420,954,20
420,959,20
420,970,20
420,998,40
424,435,20
424,445,100
424,477,40
424,486,360
424,504,1260
424,510,2420
424,513,2240
424,527,40
424,531,20
424,577,340
424,621,100
424,626,140
424,634,480
424,650,160
424,660,60
424,674,100
424,743,80
424,771,120
424,790,20
424,882,260
424,893,20
424,908,4120
424,921,1760
424,998,20
424,1485,1680
425,447,160
425,464,40
425,491,20
425,498,840
425,544,40
425,628,80
425,751,20
425,763,40
426,429,320
426,440,320
426,487,20
426,488,580
426,498,20
426,580,240
426,582,20
426,603,260
426,649,440
426,650,20
426,720,20
426,725,40
426,741,40
426,778,20
426,779,20
426,882,6160
426,894,40
426,921,420
426,939,260
426,954,60
426,977,20
426,985,200
426,1090,60
426,1204,20
426,1209,40
426,1245,1160
426,1260,60
426,1323,220
426,1362,20
426,1392,220
426,1492,60
428,445,100
428,447,60
428,453,20
428,461,40
428,468,20
428,475,660
428,478,1540
428,487,80
428,488,540
428,502,100
428,520,1360
428,582,20
428,603,880
428,626,20
428,660,100
428,691,740
428,694,700
428,706,220
428,836,1380
428,859,1360
428,866,20
428,894,780
428,923,60
428,970,40
428,1067,20
428,1342,100
428,1362,20
429,432,160
429,435,2500
429,440,80
429,441,180
429,488,540
429,574,20
429,580,860
429,603,120
429,621,80
429,649,2340
429,725,20
429,741,60
429,753,960
429,779,40
429,845,40
429,859,20
429,882,100
429,921,60
429,954,900
429,985,20
429,1067,20
429,1090,180
429,1204,60
429,1245,2440
429,1260,40
429,1323,60
429,1362,60
429,1392,260
429,1414,20
429,1492,20
432,440,20
432,441,40
432,461,160
432,487,60
432,626,200
432,649,20
432,653,1980
432,751,20
432,874,240
432,977,1320
432,998,400
432,1090,80
432,1245,40
432,1260,20
432,1362,60
432,1392,140
432,1414,240
434,460,20
434,487,20
434,574,20
434,642,20
434,836,40
434,884,20
434,1067,20
434,1204,20
434,1245,20
434,1260,40
434,1323,40
434,1342,20
435,440,1520
435,447,20
435,461,40
435,478,1040
435,491,20
435,520,80
435,621,20
435,626,140
435,656,60
435,720,400
435,753,680
435,797,20
435,859,20
435,871,20
435,921,1240
435,954,280
435,1164,20
435,1209,20
435,1362,20
435,1392,20
440,441,20
440,461,120
440,487,20
440,502,20
440,525,40
440,544,180
440,706,20
440,741,40
440,751,20
440,778,20
440,779,60
440,797,60
440,836,40
440,874,20
440,882,40
440,985,140
440,998,40
440,1090,160
440,1204,40
440,1209,60
440,1245,80
440,1260,140
440,1323,120
440,1362,20
440,1492,80
441,486,40
441,487,20
441,488,20
441,520,20
441,527,1180
441,531,20
441,544,220
441,574,20
441,577,20
441,653,40
441,674,20
441,694,20
441,751,20
441,778,140
441,882,40
441,884,40
441,889,20
441,985,20
441,998,120
441,1090,40
441,1204,60
441,1245,60
441,1260,60
441,1323,80
445,453,20
445,460,20
445,478,20
445,496,60
445,502,20
445,520,60
445,525,120
445,531,20
445,621,180
445,626,40
445,628,20
445,660,100
445,691,420
445,706,40
445,753,140
445,797,120
445,836,700
445,845,20
445,884,40
445,889,20
445,939,40
445,1485,100
447,453,40
447,491,20
447,498,80
447,634,60
447,656,40
447,694,60
447,751,80
447,763,300
447,836,40
447,859,40
447,884,120
447,909,100
447,959,20
447,998,20
447,1164,20
453,464,40
453,491,180
453,615,200
453,642,160
453,674,20
453,859,660
453,880,20
453,882,20
453,889,20
453,1067,20
453,1164,20
453,1342,100
453,1485,20
460,464,20
460,489,60
460,531,20
460,615,940
460,626,60
460,642,100
460,653,20
460,741,600
460,874,80
460,880,420
460,884,180
460,909,1800
460,921,40
460,970,60
460,1067,540
460,1164,20
460,1342,100
461,475,140
461,487,20
461,491,20
461,520,20
461,574,20
461,603,20
461,626,880
461,649,20
461,653,20
461,656,20
461,660,120
461,741,20
461,751,20
461,779,20
461,836,20
461,859,20
461,866,20
461,874,1500
461,884,20
461,909,40
461,977,60
461,1090,60
461,1245,40
461,1260,40
461,1362,500
461,1414,1200
461,1492,40
464,498,180
464,628,40
464,642,40
464,653,40
464,677,20
464,751,20
464,880,80
464,909,60
464,959,40
464,970,20
464,1090,20
464,1342,460
465,468,20
465,504,300
465,527,1040
465,577,20
465,634,2240
465,638,140
465,706,20
465,743,40
465,867,40
465,882,620
465,884,40
465,908,120
465,921,20
465,954,200
465,959,60
465,970,20
465,998,60
465,1485,320
466,468,140
466,525,200
466,533,500
466,649,20
466,706,280
466,753,980
466,784,20
466,790,80
466,793,240
466,809,60
466,889,20
466,923,600
466,939,2660
466,954,180
466,1342,20
468,478,20
468,527,60
468,531,100
468,706,160
468,743,80
468,753,420
468,784,200
468,790,20
468,793,100
468,809,20
468,836,20
468,866,280
468,871,500
468,889,100
468,894,80
468,908,20
468,923,120
468,939,1540
468,954,320
468,959,100
468,985,40
468,1485,440
475,491,20
475,496,20
475,520,40
475,531,40
475,642,20
475,653,20
475,656,120
475,677,60
475,706,20
475,836,20
475,845,20
475,874,280
475,886,20
475,908,100
475,921,20
475,977,20
475,1260,60
475,1414,1960
477,486,20
477,504,1220
477,510,100
477,527,20
477,531,20
477,621,20
477,626,60
477,634,780
477,638,320
477,674,120
477,691,20
477,753,20
477,867,240
477,882,400
477,893,40
477,908,480
477,923,20
477,1362,60
477,1485,40
478,488,20
478,520,120
478,525,280
478,626,20
478,660,20
478,691,480
478,694,40
478,706,20
478,778,20
478,809,20
478,836,7500
478,866,20
478,867,20
478,882,40
478,1067,80
486,504,160
486,510,2400
486,513,160
486,525,360
486,527,360
486,577,560
486,638,480
486,725,20
486,743,200
486,867,160
486,893,260
486,921,40
486,939,80
486,998,20
486,1485,480
487,488,40
487,491,40
487,574,20
487,603,10500
487,649,300
487,691,160
487,753,100
487,779,20
487,884,20
487,886,20
487,977,20
487,1245,60
487,1260,20
487,1362,60
488,502,20
488,510,280
488,531,140
488,580,580
488,603,80
488,621,760
488,634,1220
488,649,440
488,650,180
488,741,60
488,743,60
488,882,6120
488,893,80
488,894,2720
488,921,3560
488,998,40
488,1090,2080
488,1204,20
488,1245,20
488,1323,20
488,1362,20
488,1392,40
489,491,20
489,498,20
489,527,240
489,531,40
489,642,20
489,694,40
489,763,1160
489,874,20
489,884,660
489,909,20
489,959,20
489,970,40
489,1392,40
491,498,20
491,574,20
491,603,20
491,649,20
491,720,40
491,751,60
491,836,40
491,859,120
491,977,40
491,985,40
491,1090,380
491,1204,40
491,1260,20
491,1323,20
491,1362,20
491,1414,40
491,1492,20
496,653,40
496,874,1380
496,884,20
496,977,20
496,1414,440
498,525,20
498,615,60
498,628,60
498,751,40
498,859,20
498,909,340
502,520,40
502,525,140
502,621,20
502,660,200
502,691,20
502,741,260
502,779,20
502,836,20
502,874,60
502,985,20
502,998,560
502,1492,40
504,510,1440
504,513,680
504,527,4220
504,577,520
504,580,140
504,603,20
504,634,800
504,638,140
504,674,160
504,743,40
504,744,20
504,771,80
504,854,20
504,867,400
504,880,20
504,882,160
504,886,20
504,893,220
504,908,60
504,921,20
504,939,60
504,1209,20
504,1485,300
504,1492,200
510,513,620
510,527,740
510,577,1540
510,580,20
510,634,820
510,638,300
510,674,100
510,743,500
510,867,480
510,874,40
510,882,140
510,893,980
510,921,420
510,1090,20
510,1260,20
510,1485,3260
513,531,20
513,634,360
513,638,20
513,743,60
513,867,2840
513,882,20
513,893,120
513,908,200
513,921,120
513,998,20
513,1090,20
513,1485,20
520,525,60
520,527,20
520,531,20
520,650,20
520,660,260
520,691,560
520,702,20
520,741,120
520,797,60
520,836,160
520,882,1040
520,1204,20
520,1209,240
520,1414,240
525,577,180
525,582,1180
525,626,20
525,638,20
525,649,740
525,650,60
525,660,1120
525,691,120
525,753,420
525,790,20
525,793,40
525,809,120
525,836,180
525,866,100
525,882,60
525,884,80
525,889,2340
525,1204,680
525,1485,20
527,531,60
527,577,120
527,626,20
527,634,320
527,638,660
527,674,140
527,743,80
527,753,20
527,771,20
527,784,40
527,836,20
527,845,40
527,866,20
527,867,2120
527,882,40
527,886,20
527,893,40
527,921,140
527,954,120
527,959,20
527,998,60
527,1209,40
527,1362,20
527,1485,520
527,1492,280
531,621,80
531,626,20
531,650,1340
531,691,20
531,744,20
531,797,40
531,845,380
531,854,20
531,867,20
531,874,80
531,882,20
531,884,20
531,894,20
531,954,220
531,959,20
531,998,20
531,1414,20
531,1485,20
533,923,20
533,939,860
544,628,40
544,653,20
544,778,1060
544,880,60
544,909,60
544,998,960
544,1204,20
544,1260,20
544,1323,220
544,1392,20
574,615,220
574,642,680
574,656,220
574,694,100
574,751,40
574,836,20
574,859,40
574,880,40
574,884,20
574,889,20
574,939,20
574,977,60
574,985,20
574,1067,100
574,1090,40
574,1204,20
574,1209,20
574,1260,20
574,1323,20
574,1342,80
574,1362,100
574,1414,20
574,1492,60
577,634,60
577,638,240
577,674,100
577,743,160
577,790,20
577,836,20
577,893,80
577,921,20
577,1090,700
577,1485,1700
580,649,180
580,779,20
580,884,100
580,954,100
580,1090,1840
580,1245,40
580,1323,20
580,1392,180
582,603,120
582,649,320
582,889,180
582,954,220
582,1067,2720
582,1164,2660
582,1362,60
603,649,4240
603,656,20
603,691,820
603,694,520
603,706,560
603,725,760
603,743,100
603,753,180
603,779,3380
603,836,20
603,859,900
603,866,20
603,874,20
603,954,2300
603,1245,780
603,1260,220
603,1323,500
603,1342,20
603,1362,520
603,1392,340
603,1485,80
603,1492,40
615,642,480
615,720,40
615,741,40
615,751,20
615,753,1320
615,763,40
615,880,300
615,884,460
615,959,60
615,1067,2520
615,1342,1060
621,626,120
621,634,200
621,642,40
621,720,20
621,741,20
621,744,40
621,797,60
621,845,120
621,882,560
621,921,260
621,1090,80
626,634,40
626,638,20
626,653,20
626,741,20
626,744,40
626,793,20
626,836,60
626,845,100
626,866,100
626,884,100
626,954,20
626,970,260
626,985,20
626,1362,120
626,1392,140
626,1485,40
628,763,80
628,880,140
628,970,40
628,985,80
628,1204,60
634,674,2300
634,677,20
634,778,140
634,790,420
634,866,40
634,867,160
634,882,1740
634,893,40
634,908,1660
634,921,360
634,1090,1880
634,1209,60
634,1485,40
637,939,20
638,650,60
638,656,20
638,743,20
638,744,20
638,753,40
638,854,40
638,867,3500
638,882,60
638,1485,2720
642,694,20
642,741,20
642,751,2200
642,753,20
642,763,60
642,859,160
642,880,840
642,882,20
642,884,400
642,909,100
642,1067,320
642,1164,80
642,1204,60
642,1342,740
649,656,20
649,691,1300
649,720,20
649,725,660
649,779,360
649,809,20
649,889,400
649,894,40
649,923,20
649,954,180
649,977,20
649,985,40
649,1067,500
649,1090,40
649,1204,20
649,1209,20
649,1245,1060
649,1260,20
649,1323,100
649,1362,220
649,1392,220
650,691,20
650,744,240
650,845,460
650,882,360
650,977,20
650,998,40
650,1362,40
653,677,20
653,874,140
653,880,120
653,908,20
653,909,40
653,970,60
653,977,40
653,1067,20
653,1392,60
653,1414,40
656,720,20
656,741,320
656,845,20
656,886,1540
656,954,40
656,1067,20
656,1209,4480
656,1392,280
656,1492,5500
660,691,260
660,741,60
660,797,20
660,836,20
660,866,40
660,882,40
660,939,540
660,1362,20
674,744,20
674,790,120
674,836,240
674,854,20
674,884,20
674,908,140
674,909,20
674,921,40
674,1485,20
677,866,20
677,959,60
677,970,20
677,1164,3940
691,706,2640
691,720,40
691,753,160
691,793,20
691,836,100
691,859,180
691,866,100
691,882,20
691,894,20
691,908,880
691,923,20
691,1067,220
691,1204,20
691,1323,20
694,706,40
694,720,140
694,753,80
694,763,20
694,836,120
694,859,6280
694,880,20
694,882,20
694,884,60
694,909,1080
694,923,40
694,1067,440
694,1260,140
702,706,20
702,797,20
702,871,340
702,939,280
706,753,180
706,784,220
706,790,20
706,809,20
706,845,20
706,859,80
706,866,20
706,871,40
706,894,20
706,908,480
706,921,40
706,923,6460
706,939,40
706,998,80
706,1260,40
706,1414,20
720,741,300
720,751,40
720,753,20
720,779,20
720,836,500
720,884,80
720,985,20
720,1067,800
720,1090,40
720,1164,420
720,1204,2440
720,1209,520
720,1485,240
725,741,40
725,763,20
725,779,80
725,845,20
725,1323,20
725,1362,20
725,1392,140
741,779,60
741,836,20
741,882,40
741,884,40
741,886,340
741,893,20
741,909,20
741,954,20
741,985,20
741,1067,40
741,1204,60
741,1209,1760
741,1245,20
741,1260,40
741,1342,80
741,1362,40
741,1392,40
741,1492,240
743,744,60
743,753,60
743,771,40
743,874,20
743,882,20
743,893,680
743,1485,260
744,763,20
744,797,100
744,845,6040
744,893,20
751,809,1660
751,859,20
751,884,100
751,939,20
751,959,20
751,1090,180
751,1164,20
751,1204,500
751,1245,20
751,1342,280
751,1414,20
751,1492,20
753,784,40
753,790,320
753,793,200
753,809,1880
753,859,60
753,867,20
753,871,20
753,889,220
753,894,20
753,908,1200
753,923,100
753,939,160
753,1342,20
763,884,480
771,893,20
771,909,100
771,921,540
771,1260,20
771,1485,440
778,797,20
778,882,20
778,998,860
778,1209,1920
778,1238,60
778,1260,1120
778,1485,600
779,836,20
779,909,40
779,954,220
779,970,80
779,1245,20
779,1362,380
779,1392,60
784,790,40
784,809,900
784,894,360
784,939,60
790,793,20
790,871,20
790,889,40
790,939,100
790,1090,40
793,866,1960
793,871,20
793,889,60
793,894,40
793,923,20
793,939,2360
793,1342,40
797,845,980
797,882,60
797,908,120
797,939,20
797,1485,40
809,866,20
809,874,40
809,884,20
809,894,140
809,923,40
809,939,1280
809,1492,20
836,866,20
836,871,40
836,874,280
836,882,20
836,886,20
836,923,20
836,1164,140
845,882,20
845,884,80
845,894,20
845,908,720
854,1485,20
859,882,20
859,908,20
859,909,320
859,923,40
859,959,60
859,998,160
859,1067,20
859,1245,20
859,1260,20
859,1414,20
866,882,60
866,889,20
866,894,20
866,939,1280
866,985,1220
867,908,20
867,921,20
867,1485,1240
871,889,20
871,1342,20
874,880,40
874,882,60
874,884,20
874,959,60
874,977,1940
874,1260,20
874,1414,2060
874,1492,20
880,884,3620
880,909,60
880,970,20
880,1067,20
880,1164,140
880,1342,840
882,908,20
882,921,4700
882,939,120
882,954,1060
882,998,20
882,1090,40
882,1164,20
882,1485,800
882,1492,20
884,893,60
884,909,40
884,954,40
884,959,1360
884,970,20
884,1067,20
884,1164,280
884,1204,20
884,1209,20
884,1323,20
884,1342,280
884,1392,140
884,1492,20
886,985,2940
886,1204,1340
886,1209,3880
886,1492,1660
889,939,1520
889,959,40
889,1090,20
893,921,140
893,939,120
893,1485,340
894,923,20
894,939,820
894,998,20
908,921,40
908,954,40
908,998,20
908,1485,40
909,921,340
909,970,40
909,977,20
909,1067,40
909,1392,20
921,1090,280
921,1485,320
923,939,60
923,1260,80
923,1342,80
939,1245,80
954,1245,40
954,1323,20
954,1362,200
954,1392,220
959,1067,20
959,1164,60
977,985,20
977,1209,20
977,1414,60
985,1090,60
985,1204,20
985,1209,1220
985,1245,40
985,1260,40
985,1323,60
998,1260,1860
998,1362,60
998,1485,20
1067,1164,2540
1067,1342,4460
1067,1362,60
1090,1204,40
1090,1245,160
1090,1260,120
1090,1323,100
1090,1362,20
1090,1414,20
1090,1492,40
1164,1204,20
1204,1209,40
1204,1245,60
1204,1260,40
1204,1323,60
1204,1414,40
1204,1492,140
1209,1245,20
1209,1323,80
1209,1342,440
1209,1362,20
1209,1414,40
1209,1492,340
1245,1260,80
1245,1323,180
1245,1362,380
1245,1392,660
1245,1492,100
1260,1323,80
1260,1342,20
1260,1362,40
1260,1492,60
1323,1342,20
1323,1362,80
1323,1414,20
1323,1492,120
1342,1362,40
1362,1392,540
1362,1485,20
1362,1492,60
1414,1492,20
